id,frecuencia,dist_km
11001,94.9,3.116
11001,90.9,3.116
11001,96.9,3.143
11001,95.5,4.033
11001,103.9,4.944
11001,92.9,4.945
11001,98.5,4.998
11001,89.9,5.013
11001,104.4,5.024
11001,100.9,5.028
11001,97.9,5.028
11001,97.4,5.028
11001,99.9,5.028
11001,100.4,5.028
11001,102.9,5.028
11001,105.9,5.058
11001,106.9,5.105
11001,91.9,5.106
11001,95.9,5.13
11001,99.1,5.13
11001,90.4,5.135
11001,105.4,5.151
11001,88.9,5.242
11001,92.4,5.364
11001,89.4,6.076
11001,94.4,7.661
11001,88.4,7.763
11001,101.9,7.779
11001,107.9,7.783
11001,104.9,7.784
11001,93.9,7.804
11001,88.4,7.838
11001,88.1,9.025
25377,101.3,10.17
25377,88.1,10.546
11001,94.4,14.346
25286,88.5,14.761
25286,94.4,14.763
25214,107.4,15.564
11001,101.4,15.777
11001,93.4,16.876
11001,106.4,17.515
25473,106.4,18.335
25175,88.5,20.844
25175,106.4,20.847
25181,102.4,20.85
25754,107.4,21.887
25430,96.4,22.407
25181,88.3,23.461
25799,94.4,24.539
25841,103.8,25.305
25841,101.3,25.305
25178,106.6,26.148
25430,88.3,26.595
25758,98.2,26.862
25758,95.6,26.864
25785,88.3,27.406
25279,106.4,27.516
25279,103.4,27.63
25322,89.6,27.972
25758,107.8,28.349
25126,103.4,29.362
25260,107.4,29.802
25845,107.3,30.739
25845,89.1,30.739
25845,94.4,30.739
25740,88.3,30.834
25151,91.6,30.843
25769,94.4,32.185
25322,88.3,32.247
25645,94.4,33.708
25899,96.3,33.728
25099,107.6,34.275
25817,94.4,34.738
25386,102.3,35.555
25817,101.5,35.757
25269,94.4,36.307
25898,88.4,37.216
25797,88.4,37.245
25326,99.4,37.745
25269,91.4,38.825
25281,89.6,39.755
25281,106.5,39.755
25898,95.4,40.111
25312,91.6,40.128
25295,91.6,40.23
25899,107.4,40.499
25326,106.4,41.205
25658,106.6,42.197
25245,107.4,42.898
25295,99.5,42.931
25743,106.4,43.898
25200,88.3,44.075
25594,88.6,44.077
25594,107.6,44.077
25372,107.4,45.13
25372,91.4,45.398
25386,99.5,45.583
25019,103.7,45.685
25040,95.6,46.637
25123,89.6,46.638
25486,107.8,47.08
25777,88.4,47.239
25777,89.6,47.328
25339,88.2,47.476
25402,107.8,47.603
50686,107.8,48.448
25299,101.3,49.476
25299,88.6,50.017
25535,91.6,50.168
25290,94.4,50.426
25736,105.6,50.52
25736,92.2,50.523
25736,107.4,50.523
25297,94.4,51.808
25328,88.4,52.177
25718,92.1,52.232
50245,88.8,52.281
25339,106.4,52.356
25513,106.3,52.588
25596,104.3,53.658
25596,94.4,53.658
50245,102.9,54.199
50245,100.1,54.199
25290,88.1,54.535
25513,94.4,54.718
25772,94.4,55.699
25491,107.4,56.341
25035,92.6,56.354
25335,107.7,57.541
25862,88.3,57.853
25293,106.4,57.912
25095,107.4,58.006
25878,91.6,58.277
25839,107.8,58.435
25867,106.4,58.716
25875,106.4,58.996
25805,107.4,59.049
25793,89.1,60.263
25793,102.4,61.358
25489,95.1,61.968
25489,96.5,61.968
25815,105.3,62.522
25599,106.7,62.575
25290,103.3,62.607
25599,98.9,62.836
25053,97.7,65.335
25183,101.3,65.386
25258,107.4,65.946
25662,91.6,65.997
25875,101.3,66.008
25168,94.4,66.398
25426,106.4,66.66
25781,88.3,67.703
25436,95.8,67.778
25592,88.4,68.031
25871,106.4,68.054
25871,95.8,68.09
25649,98.3,68.151
25649,102.6,68.151
25436,88.3,68.603
25398,89.1,68.933
25258,98.3,69.276
50606,89.8,69.698
15325,99.1,70.085
15325,107.1,70.305
25183,89.3,70.642
25843,98.8,70.755
50001,104.3,71.117
50001,90.8,71.117
50001,97.3,71.138
50001,90.3,71.183
50001,106.3,71.2
50001,105.3,71.212
50001,98.3,71.216
25224,93.2,71.223
25224,97.1,71.223
50689,96.3,71.232
25001,90.3,71.332
50001,101.8,71.386
25368,97.1,72.151
50606,94.8,72.328
25524,107.2,72.334
25653,93.5,73.022
25653,107.8,73.022
25580,107.8,73.17
25807,107.8,73.767
25807,104.3,73.781
25851,103.1,73.806
25851,107.4,73.806
15322,98.6,73.861
25815,107.8,74.307
50001,91.8,74.533
25488,104.7,74.891
25488,88.6,75.018
25488,94.4,75.057
25001,106.7,76.028
25807,96.2,76.189
73449,106.7,76.324
73449,89.8,76.325
25154,103.7,76.641
15761,105.1,76.886
25320,88.3,77.15
25320,107.2,77.15
25086,102.6,77.395
73352,94.7,77.494
73352,89.7,77.499
73449,101.5,77.538
25518,88.3,77.78
50226,102.3,77.815
25518,99.4,77.862
25518,90.1,77.862
25873,107.4,77.988
15761,100.6,78.115
25823,91.6,78.179
25154,94.4,78.351
50001,93.2,78.615
50001,107.8,78.631
15778,94.1,78.976
25843,107.4,79.225
15236,90.6,79.464
73030,90.7,79.626
73030,94.5,79.626
25407,94.4,79.917
25438,91.6,80.258
25873,103.3,80.501
25506,107.4,80.51
25320,96.3,80.767
15236,88.9,81.051
15022,103.9,81.11
15022,89.6,81.604
50006,88.8,81.79
15380,96.6,81.928
15798,90.6,82.588
50226,89.1,82.636
25394,107.1,82.655
15798,98.1,82.947
25324,107.1,83.5
25288,101.3,84.918
25612,100.7,85.783
50006,88.3,86.743
50006,98.8,86.748
15425,96.6,87.889
15425,102.5,87.893
25317,106.4,88.221
15212,98.6,88.547
15842,90.6,88.881
15511,99.1,89.089
15842,106.1,89.564
15690,98.6,89.88
15690,91.1,89.933
25148,107.4,90.097
15299,106.6,90.129
25612,91.1,90.347
25120,94.4,90.601
25530,95.8,90.706
25483,92.8,90.738
25779,107.8,90.925
73547,89.0,92.602
50318,107.3,92.612
25885,107.8,92.962
25307,89.3,93.288
73275,93.6,93.288
73275,94.5,93.297
15172,89.6,93.3
25885,91.1,93.308
25307,91.6,93.32
15109,90.6,93.641
50318,94.8,93.93
73148,94.5,94.425
15480,99.1,94.446
15835,94.1,94.771
73349,90.5,94.901
73349,106.1,95.007
15580,103.1,95.06
15580,100.6,95.06
25745,90.2,95.452
25745,88.3,95.48
15401,90.6,96.156
50150,95.6,96.776
73408,95.1,97.053
73861,94.5,97.11
15442,106.6,97.131
15442,94.6,97.214
73349,107.3,97.821
73226,95.1,97.833
15861,106.6,97.995
50223,103.3,99.074
73226,102.6,99.156
15667,92.1,99.331
15667,94.1,99.331
15131,94.1,99.645
73055,92.7,99.752
15676,96.6,99.836
25530,94.4,100.202
15494,96.6,100.242
73026,98.7,100.366
73408,98.2,100.446
73026,95.1,100.518
15804,97.6,101.636
15804,100.6,101.7
73873,96.6,101.85
50150,93.8,102.181
73200,104.0,103.17
73200,95.0,103.17
50223,107.8,104.289
73547,107.3,104.308
15646,100.6,105.465
15600,99.1,105.887
15176,104.6,106.342
15367,92.6,106.548
15176,107.1,107.532
50270,103.7,107.656
15531,89.6,107.874
15681,94.1,108.377
73443,99.5,109.093
73443,101.7,109.098
73443,107.3,109.208
15367,89.6,109.658
25572,104.6,109.945
25572,106.4,109.945
73770,107.9,109.945
15808,90.6,109.979
73268,95.1,110.271
73268,97.1,110.342
25572,107.6,110.494
25572,94.1,110.495
17380,88.4,110.657
17380,89.1,110.657
73270,94.5,110.731
15176,92.6,110.865
73770,94.5,111.109
17380,94.7,111.259
73411,103.5,111.274
15104,90.6,111.587
15135,89.1,112.384
15599,88.8,113.167
15507,106.6,113.216
15106,100.6,113.526
15135,106.9,113.564
15638,94.1,113.582
73411,93.5,114.039
85300,103.7,114.139
85300,96.7,114.139
73043,107.3,115.398
50689,88.8,115.549
15638,101.6,115.675
15832,90.6,115.893
15599,95.1,115.944
15455,104.7,116.004
15632,98.6,116.141
15455,98.6,116.353
15776,100.6,116.401
15224,89.6,116.968
15189,94.1,117.332
73520,107.3,117.898
15001,93.6,118.222
15897,90.6,118.426
15001,102.6,118.452
15632,95.3,118.454
17867,93.7,118.6
17867,107.9,118.657
15897,91.6,118.732
15001,101.1,118.798
15001,95.6,118.833
17867,97.7,119.19
15762,98.9,119.309
15762,96.6,119.314
15407,105.8,119.493
15879,98.6,119.613
15001,99.3,120.177
15001,94.5,120.177
15621,96.6,120.323
15514,96.6,120.565
73283,93.5,120.853
73283,100.5,120.929
15090,100.6,121.09
15407,91.3,121.142
50110,107.8,121.264
68020,91.2,121.444
15001,102.1,121.453
50110,98.9,121.481
50110,97.8,121.503
15407,106.6,121.562
73585,97.5,121.938
15764,104.9,122.29
15764,98.3,122.29
15407,91.8,122.895
15660,106.6,123.548
73870,90.7,124.185
73870,90.2,124.185
73319,95.0,124.372
15232,98.6,124.587
73319,93.1,124.911
73319,92.7,124.911
68271,88.8,125.42
68271,91.7,125.702
73461,94.5,125.82
73461,92.0,125.826
15696,96.6,125.889
15001,91.7,126.064
73152,93.3,126.294
15476,106.6,126.337
15001,105.4,126.482
15001,104.1,126.928
85440,93.3,126.951
85440,100.7,126.952
85440,88.7,126.967
85440,97.1,126.969
50251,105.7,127.117
50251,93.3,127.135
50251,94.8,127.309
73001,102.5,127.961
50400,88.8,128.073
85162,99.7,128.518
15740,100.6,128.777
50400,94.3,128.828
73854,93.3,129.227
73854,103.0,129.271
50313,89.3,129.294
50313,97.7,129.315
15187,89.6,129.819
85162,88.7,129.868
15500,98.6,130.345
73678,94.5,130.353
17444,88.7,130.5
50313,92.1,130.939
17444,90.1,131.411
85162,105.7,131.648
15293,99.1,131.895
73347,107.3,132.093
73001,106.3,132.245
17662,91.0,132.282
73001,96.3,132.358
17662,92.1,132.401
73001,92.3,132.431
73001,106.9,132.536
17662,105.7,132.692
50313,101.0,132.694
15204,89.1,132.737
68377,107.2,132.886
73001,101.1,132.994
73001,100.0,133.026
73001,105.7,133.042
73585,102.5,133.12
73001,104.3,133.26
73001,94.3,133.281
50313,91.1,133.444
73001,88.3,133.953
73001,88.8,134.187
73671,106.0,135.003
17495,97.2,136.029
73268,107.5,136.158
17433,96.7,136.804
68368,103.2,136.846
17495,102.7,137.067
15051,93.0,137.098
17433,104.1,137.245
15814,106.6,137.386
15051,94.1,139.366
50680,94.8,139.404
68572,101.4,139.475
73563,99.3,139.791
50680,100.8,139.851
50573,98.1,140.139
73624,102.5,140.226
68773,107.7,140.955
68773,96.2,141.014
73563,93.5,141.433
15469,92.1,142.086
50573,107.5,142.147
15469,100.1,142.166
68077,98.2,142.185
50573,88.8,142.24
50287,95.3,142.468
50287,89.7,142.468
15837,94.1,142.796
50573,101.3,143.324
50287,107.8,143.467
50330,89.1,143.687
50330,103.8,143.831
85015,101.7,144.1
85015,100.2,144.31
50683,107.8,144.906
50313,102.5,144.929
17541,93.1,145.754
17541,98.7,145.769
15469,89.3,145.924
50330,94.0,146.32
50683,95.8,146.346
50124,96.8,146.466
50124,91.3,146.772
68077,103.2,146.867
85410,107.7,146.872
85410,100.5,146.873
68324,97.7,147.345
17001,92.7,147.387
68324,88.2,147.467
68077,106.8,147.559
68077,88.8,147.629
68101,103.7,148.928
17446,92.1,149.649
68101,107.2,149.694
15542,90.6,149.891
5591,107.4,150.116
17446,106.7,150.174
15763,89.6,150.366
68861,90.7,151.289
15816,90.6,152.228
68861,101.0,152.657
73124,95.7,152.904
73504,100.5,153.098
73504,90.0,153.098
73504,102.5,153.468
15822,99.1,153.739
15822,103.8,154.134
15822,97.7,154.134
73124,95.0,154.422
85279,107.7,155.823
15572,97.1,155.943
15572,101.6,155.943
15572,89.5,155.945
15572,100.6,156.101
68250,103.2,156.162
85279,106.7,156.393
15226,100.6,156.815
73236,96.8,157.344
73236,102.5,157.344
15362,96.6,158.06
15664,104.6,159.109
68327,101.4,159.117
15664,89.6,159.386
15516,104.5,159.802
73217,95.0,159.806
73217,90.5,159.87
17001,103.2,160.553
15272,98.6,160.641
68179,98.7,160.734
15047,106.6,161.073
68298,101.4,161.242
68298,89.2,161.449
50370,90.3,161.454
50370,106.7,161.454
15516,96.6,161.492
15272,101.6,161.604
5483,107.4,161.694
17001,101.7,161.774
17486,105.7,161.776
17001,91.7,161.776
17873,99.7,161.818
17001,95.7,161.818
17001,101.2,161.87
5483,94.3,162.258
15516,103.1,162.544
73504,98.0,162.697
15759,96.1,162.863
17001,103.7,162.935
17001,96.3,162.976
15806,91.0,162.986
15806,88.6,162.986
15491,107.3,162.986
15759,88.1,162.987
50370,88.3,163.194
50711,99.3,164.314
15185,100.6,164.458
15185,105.6,164.533
17001,89.7,164.601
17614,95.1,164.601
73483,88.1,164.822
15806,100.6,164.835
15686,96.6,166.099
41206,89.3,166.788
17873,107.3,166.964
41206,98.8,167.329
73483,91.8,167.851
5055,88.1,168.14
5055,105.4,168.14
73483,106.0,168.157
17001,90.3,168.784
85410,94.7,169.005
63690,92.1,169.486
73124,98.5,170.621
68770,107.7,170.642
17486,93.1,170.669
15759,106.1,171.271
15238,90.6,171.387
15238,107.7,171.398
15518,94.1,171.776
15491,106.6,171.936
15238,93.1,171.975
68673,88.2,172.04
73024,102.5,172.253
15238,97.3,172.591
15238,90.1,172.627
15759,99.1,172.747
17050,104.1,172.829
68770,102.2,172.992
68385,107.2,173.071
63001,96.7,173.214
63001,107.7,173.235
68385,92.7,173.579
50577,92.8,173.616
50577,104.7,173.66
63001,101.4,173.732
63001,102.1,173.871
17174,104.1,174.399
17174,89.1,174.399
68397,103.2,174.569
63272,97.3,174.792
63272,90.1,174.792
50711,88.5,174.93
15466,94.1,174.992
63130,104.7,175.02
63001,90.7,175.134
15693,98.6,175.63
63130,98.7,175.658
63190,104.1,175.673
50711,94.8,175.704
63190,106.4,176.211
66682,104.1,176.782
85010,107.7,176.836
17272,92.1,177.206
63130,93.1,177.491
5585,106.7,177.503
5585,104.4,177.73
17524,106.1,178.013
17524,97.2,178.02
17653,97.1,178.036
63001,103.4,178.215
73675,101.0,178.273
66170,105.2,179.125
73675,107.8,179.155
66001,97.7,179.525
50577,88.8,179.653
73675,106.0,180.003
15693,98.1,180.172
66001,94.7,180.236
73168,91.2,180.362
5756,95.8,180.457
5756,104.4,180.836
5756,106.1,180.85
63001,89.4,181.125
68190,96.7,181.134
68190,89.0,181.134
17653,90.1,181.496
15820,98.6,181.694
17513,92.1,182.061
73168,93.5,182.105
5585,91.3,182.152
15114,96.6,182.269
63001,98.1,182.299
63001,106.9,182.308
68190,107.7,182.364
66001,94.2,182.421
17013,100.1,182.49
15276,100.0,182.746
17513,96.7,183.312
63212,90.1,183.374
85010,96.4,183.464
85010,105.3,183.471
15464,94.6,183.517
66170,92.1,183.731
63594,96.1,183.738
15464,100.6,183.913
5660,103.1,184.069
5660,88.4,184.493
5652,89.4,184.563
15276,94.1,184.821
66001,107.9,184.834
68245,101.4,184.914
66001,95.6,184.987
66001,100.2,184.993
66001,99.1,185.017
66001,102.7,185.176
66001,88.2,185.213
66001,93.3,185.222
66001,100.7,185.261
66001,88.7,185.262
66001,93.7,185.262
15215,89.6,185.262
15215,105.7,185.264
17388,93.1,186.016
76845,104.1,186.305
15296,105.1,186.419
15296,90.6,186.476
73622,93.0,186.598
63548,92.1,186.711
66001,99.5,187.062
73622,98.1,187.233
73622,95.0,187.277
15162,100.6,187.479
17013,93.1,187.73
68320,94.2,188.046
63594,91.7,188.097
66440,104.4,188.19
68320,107.7,188.307
50370,98.3,188.827
76020,103.4,188.958
63470,99.7,189.431
15377,91.1,189.465
50370,88.8,189.837
63111,106.9,189.882
73067,107.1,189.9
66440,90.1,190.114
73168,89.5,190.117
15377,90.6,190.255
68211,92.5,190.492
68211,88.2,190.492
73067,105.5,190.595
15377,104.6,190.817
68720,91.2,190.97
73067,102.5,191.325
73168,88.7,192.066
63401,91.3,192.315
15087,90.6,192.857
17442,104.1,192.88
63401,103.9,193.779
68264,88.2,193.94
15092,89.1,194.412
5197,107.4,194.628
85001,93.7,195.381
68500,91.2,195.427
85001,91.7,195.541
85001,95.3,195.597
85001,92.7,195.91
85001,106.3,195.927
85001,90.5,195.976
85001,89.2,196.036
85001,107.7,196.098
15790,106.6,196.109
17777,107.7,196.29
17777,92.1,196.29
5002,107.4,196.396
5649,88.5,196.432
15790,92.1,196.574
85139,107.9,196.659
17616,104.1,197.02
17614,103.0,197.321
5649,96.3,197.514
66594,91.1,197.65
17088,90.1,197.655
66088,107.1,197.665
17665,90.1,197.983
5197,88.9,198.493
68322,107.2,198.669
85139,88.7,198.805
85139,97.7,198.806
63302,101.0,199.049
66594,89.3,199.572
63302,93.1,199.677
68176,103.2,200.08
85001,88.3,200.18
85001,89.7,200.199
17614,106.6,200.541
17614,103.4,200.541
17614,90.1,200.541
15839,96.6,200.766
76122,103.2,201.171
5145,89.4,201.173
73168,92.5,201.693
17042,102.5,201.776
66400,104.1,202.154
76147,95.1,202.415
41078,91.2,202.516
41078,88.8,202.516
41078,100.8,202.702
76147,89.0,204.087
15537,98.6,204.096
5400,107.4,204.3
76400,89.2,204.391
66318,104.1,204.407
5579,90.3,204.751
5313,104.4,204.822
68167,103.2,205.068
17614,98.1,205.226
5579,89.4,205.345
68167,100.4,205.386
68209,88.2,206.618
41872,107.8,206.683
41872,93.3,207.287
17877,92.1,207.453
5142,88.3,207.581
41016,106.8,208.656
41016,98.8,208.657
68745,91.2,208.987
5142,105.4,209.038
15533,98.6,209.042
15550,99.1,209.102
5667,102.3,209.715
5148,103.4,209.78
5390,95.4,209.845
5789,107.4,209.951
15757,94.1,210.049
68524,107.7,210.057
41872,96.6,210.078
66088,95.3,210.811
15757,103.5,211.015
5667,95.4,211.052
76736,106.6,211.071
5697,105.5,211.258
76736,105.6,211.324
5321,107.3,211.357
5321,97.6,211.357
5697,89.4,211.502
76497,107.4,211.52
68498,107.2,211.808
68217,107.7,211.975
5579,94.3,212.253
76497,99.4,212.382
76497,97.0,212.394
66075,92.1,212.699
66456,88.1,213.816
66456,90.1,213.923
5789,89.1,214.084
66045,104.1,214.499
50590,92.3,214.651
5679,101.1,214.779
5376,102.7,214.799
5376,97.3,214.811
5467,88.4,214.897
50590,89.1,214.945
5376,105.4,215.082
73616,95.0,215.296
5148,88.4,215.432
66687,106.7,215.539
66687,99.5,215.546
76041,103.9,215.714
41799,92.8,215.789
41799,95.8,215.789
15755,96.6,216.076
15723,106.6,216.456
68755,98.7,216.512
68533,104.7,216.902
5440,107.4,217.151
73616,93.9,217.799
5615,98.4,217.931
73616,95.5,217.988
68573,88.2,218.731
5615,93.3,218.853
5440,90.5,218.947
66383,93.1,219.061
68755,89.4,219.081
68755,102.7,219.082
15755,101.9,219.156
5615,91.5,219.216
68573,93.2,219.483
15720,100.6,219.793
5670,104.4,219.857
76403,106.6,219.919
76243,104.1,220.265
76243,92.5,220.276
76403,106.0,220.376
50568,94.3,220.563
5364,94.3,220.75
5364,89.4,220.75
5615,104.4,220.755
68855,91.2,220.846
5607,101.6,221.231
5364,96.5,221.491
5607,89.4,221.866
5364,101.4,223.267
5021,89.4,223.381
68522,88.2,223.458
5425,89.1,223.705
68344,107.2,223.714
5021,104.8,224.008
73168,103.5,224.016
73067,106.5,224.016
50590,97.5,224.133
76823,103.4,224.229
76895,106.6,225.286
5425,107.4,225.316
76400,103.8,226.09
5364,90.3,226.792
5282,107.4,226.891
5282,91.3,226.956
66572,93.1,227.209
5674,105.1,227.253
5670,93.4,227.591
50568,107.8,227.655
50568,104.0,227.668
50568,107.2,227.668
5368,89.4,227.839
68549,107.7,228.168
50568,106.7,229.091
5034,104.4,229.241
15774,90.6,229.412
76054,106.6,229.473
68502,91.2,229.955
68502,101.2,230.441
68121,88.8,230.604
5674,88.5,230.889
5034,100.9,231.509
15368,99.1,231.568
15368,91.6,231.669
5034,97.5,231.953
5034,101.8,231.962
5129,102.3,232.003
68679,107.2,232.107
68235,101.2,232.374
85225,98.7,232.391
85225,100.2,232.391
5206,104.4,232.766
68235,88.2,232.863
5380,104.3,232.867
5129,95.4,232.936
41001,94.8,233.029
5576,102.6,233.139
68464,94.2,233.187
5576,95.4,233.387
5690,107.4,233.496
68679,93.7,233.721
68464,103.2,233.722
68679,106.3,233.725
41001,93.8,233.825
5190,105.4,233.946
68296,107.7,234.062
76400,101.1,234.226
5861,89.4,234.257
5206,91.1,234.291
5690,91.5,234.432
5690,101.1,234.432
68682,88.2,234.735
5318,106.3,234.773
5266,97.6,234.844
5129,88.5,235.143
5129,106.5,235.289
5318,88.1,235.295
76622,89.9,235.296
68079,100.3,235.836
68079,103.2,235.837
76622,99.4,236.057
5792,105.4,236.136
5792,88.2,236.174
5353,107.4,236.8
76100,89.0,237.035
15753,96.6,237.203
5890,89.4,237.386
66572,91.5,237.528
27001,95.3,237.534
41001,107.8,237.683
5631,101.5,237.742
76863,90.3,237.846
5360,106.9,237.923
76863,107.0,237.973
5885,89.4,238.431
76113,97.0,238.753
5885,98.3,238.81
15183,98.6,238.919
5001,88.4,239.214
5360,105.4,239.372
15753,102.3,239.415
5030,98.2,239.784
5030,105.4,239.784
76100,92.3,239.886
5001,101.4,240.044
68229,103.2,240.159
76246,91.1,240.17
68229,104.2,240.374
5380,88.1,240.401
76036,92.8,240.712
76246,92.1,240.791
68872,101.4,241.121
41001,99.7,241.18
41001,101.7,241.217
41132,104.3,241.218
41001,90.3,241.296
41001,94.3,241.302
41615,98.3,241.311
41001,95.3,241.316
41001,101.3,241.321
41001,100.3,241.343
41020,103.1,241.374
73555,107.3,241.382
73555,89.1,241.648
73555,90.5,241.648
15403,89.6,242.546
5380,89.4,242.664
27660,101.3,242.814
5036,107.4,242.825
15183,102.1,242.893
41001,89.7,242.916
27660,106.8,243.039
76250,99.4,243.261
76250,104.1,243.262
44650,93.2,243.275
5001,107.3,243.302
5001,107.4,243.735
85400,96.7,244.022
5079,88.4,244.048
73555,106.0,244.069
5091,91.8,244.099
76834,96.1,244.535
76834,95.3,244.535
5091,105.4,244.71
5308,98.5,245.098
85400,103.7,245.16
5308,101.4,245.331
76834,89.0,245.349
5212,89.4,245.366
15097,106.6,245.374
15097,88.1,245.432
5809,98.4,245.794
5308,94.4,245.88
15403,97.1,246.099
5212,101.4,246.343
5001,88.4,246.362
41615,98.8,246.513
5088,95.4,246.538
15810,100.6,247.314
41001,97.3,247.62
5858,92.3,247.945
76670,106.9,248.135
5858,104.4,248.385
5001,99.4,248.94
5001,90.9,248.991
5212,88.9,249.104
5001,101.9,249.317
73616,88.5,249.396
85136,95.7,249.461
5001,100.4,249.512
5001,91.9,249.63
5001,103.9,249.645
5001,89.9,249.766
5001,92.9,249.778
5001,102.9,249.815
5001,94.9,249.817
5631,90.3,249.817
5266,98.9,249.817
5001,92.4,249.823
5088,97.9,249.859
5001,96.9,249.995
5001,93.9,249.995
5001,93.5,249.995
5001,104.9,250.005
5001,105.9,250.005
5088,107.9,250.009
5237,95.4,250.125
5001,96.4,250.269
5266,100.9,250.483
76113,94.1,250.596
15218,99.1,251.289
68370,107.7,251.772
5347,95.4,251.773
68895,103.2,251.8
68895,105.5,251.803
68051,88.8,252.021
41524,91.8,252.101
5059,89.4,252.104
5059,101.4,252.655
68418,94.4,252.716
41524,88.8,252.92
5101,88.5,253.049
85136,107.7,253.455
15673,90.6,253.486
5001,99.9,253.747
5101,98.3,253.802
68418,93.4,253.973
85315,88.7,254.523
85315,106.7,254.608
68147,91.2,254.722
5642,101.3,255.079
68147,95.9,255.132
76828,98.3,255.217
76828,99.4,255.218
68689,101.7,255.293
85263,107.7,255.435
5209,94.6,255.449
5209,107.4,255.449
5642,89.4,255.834
68689,106.0,255.867
68689,107.9,255.867
68689,91.2,255.867
76616,90.2,256.674
76616,103.8,256.678
5001,95.9,256.915
68468,103.2,257.319
41676,95.8,257.832
5664,102.2,257.934
5664,88.4,257.934
85263,104.7,258.422
5310,104.4,258.502
76111,106.1,258.73
76111,103.1,258.774
76111,94.5,258.809
41676,102.2,259.582
5893,103.3,259.666
68425,107.7,259.829
5893,107.4,259.889
5893,88.1,259.92
68160,103.2,260.097
76111,97.0,260.261
68468,93.2,261.234
68432,92.3,261.54
68432,105.7,261.547
41132,95.8,261.789
5240,97.5,262.018
76318,91.0,262.02
15244,99.1,262.05
68684,99.9,262.323
15317,98.6,262.341
68686,88.2,262.372
15244,91.9,262.721
76248,99.1,262.847
68081,98.7,263.304
68081,92.0,263.305
68092,107.2,263.746
27245,100.8,264.28
68432,99.5,264.564
15248,100.6,264.659
15248,94.4,264.992
68684,107.7,265.351
5264,104.4,265.567
5150,89.4,265.671
68266,97.5,265.694
15522,96.6,265.875
68081,89.1,265.998
27245,95.8,266.183
68081,88.7,266.315
5093,104.4,266.703
68266,107.2,267.119
15180,106.6,267.421
76306,107.0,267.439
76306,93.4,267.469
68152,89.7,268.195
68432,88.2,268.26
85325,100.7,268.694
68152,103.2,268.803
15332,89.6,268.892
5044,104.4,268.973
5656,89.4,268.984
5656,103.1,268.985
5044,88.7,268.993
68081,91.2,269.143
5686,105.4,269.255
76520,93.8,269.361
15753,104.1,269.423
5686,88.1,269.814
5686,92.1,269.814
50450,107.3,269.99
76318,95.0,270.462
85325,96.7,270.514
5604,97.3,270.998
5031,107.4,271.147
50450,105.6,271.176
5031,106.6,271.251
5315,102.4,271.389
5315,105.4,271.476
85250,88.1,271.641
85430,88.7,272.181
68669,89.7,272.275
68669,107.7,272.275
5031,99.0,272.663
76318,88.1,272.746
5604,89.4,272.97
85250,88.7,273.011
41801,107.8,273.016
76890,100.0,273.766
76890,93.8,273.768
27580,107.3,273.805
27580,104.8,273.805
27580,89.4,273.805
76248,97.0,273.928
27073,94.3,274.061
27073,90.1,274.061
41885,88.8,274.307
5761,105.4,274.751
5736,107.4,275.252
85250,99.7,275.368
68318,88.2,276.026
5736,105.3,276.129
68162,103.2,276.302
5736,106.8,276.498
41885,97.8,276.567
5736,100.9,276.596
68207,98.2,276.972
68207,91.2,276.972
85430,101.7,277.144
76126,103.8,277.253
41020,103.7,277.833
41020,107.8,277.834
41020,92.6,277.838
68318,89.2,278.091
76563,107.0,278.43
76520,96.0,278.59
76520,90.0,278.602
5086,95.4,278.795
50350,88.8,279.047
41349,98.8,279.084
68547,105.8,279.295
68547,103.2,279.295
68081,102.7,279.472
50350,97.3,279.868
76563,88.1,280.048
68307,88.2,280.219
68547,106.7,281.468
68547,101.1,281.469
76126,105.0,281.923
95001,91.3,282.322
95001,103.7,282.489
95001,100.7,282.644
95001,90.6,282.801
95001,96.3,282.801
68307,95.1,283.079
68406,92.3,283.08
5038,88.5,283.458
5038,89.8,283.469
76275,92.0,283.726
5038,89.2,283.819
76275,96.0,283.913
95001,107.9,283.97
27491,90.1,284.449
27491,103.6,284.451
68162,96.2,284.552
95001,102.3,284.99
95001,104.7,285.021
27787,103.3,285.059
27787,93.1,285.059
95001,93.5,285.125
68406,99.2,285.151
95001,91.7,285.153
5042,90.6,285.375
5042,100.7,285.375
5042,104.4,285.652
27787,100.8,285.796
68001,100.7,285.798
41357,95.8,286.023
68276,88.8,286.208
76869,106.9,286.295
5042,106.7,286.505
68705,91.2,286.792
18753,91.9,286.971
27745,98.3,287.058
27745,97.1,287.066
5125,107.4,287.089
19455,94.9,287.092
68406,91.2,287.248
68001,101.7,288.13
27205,102.3,288.983
68276,97.7,289.011
68001,91.7,289.155
68001,92.9,289.329
19455,88.9,289.804
19455,104.9,289.814
27413,101.9,289.948
27413,88.3,289.948
76606,88.1,290.225
68001,105.1,290.235
68276,104.7,290.284
76606,89.0,290.309
68001,96.2,290.473
5134,90.4,290.489
68276,107.7,290.582
68001,102.5,290.791
5134,97.5,290.904
27205,92.1,291.102
5847,88.4,291.153
5847,92.5,291.153
5847,97.3,291.153
5501,107.4,291.235
50325,98.3,291.257
5501,101.3,291.346
27413,103.8,291.517
27205,88.3,291.637
5847,89.4,291.715
68001,96.9,292.601
68307,103.7,292.653
5040,101.3,292.725
68001,98.4,292.846
68001,99.7,292.846
27810,90.3,293.077
27810,88.8,293.077
5040,105.4,293.173
27160,102.6,293.307
27160,91.6,293.308
68001,93.4,293.348
27160,105.0,293.537
68001,95.7,293.643
68001,90.7,293.673
18753,107.1,294.725
76892,107.0,294.914
5887,94.1,295.506
5411,89.4,295.582
27361,99.3,295.751
5411,88.9,295.876
18753,97.1,295.897
76130,99.4,295.906
18753,105.6,296.003
27450,89.1,296.009
18753,93.3,296.166
18753,94.3,296.166
18753,102.0,296.216
18753,99.1,296.217
5887,107.4,296.328
19212,99.4,296.373
27361,94.8,296.991
27361,106.3,296.991
27361,106.8,297.045
27361,105.4,297.05
68575,88.4,297.126
68575,107.2,297.126
68575,105.7,297.136
13160,91.0,297.418
85125,106.8,297.733
85125,107.7,297.733
41306,95.8,298.346
68820,88.2,298.736
85230,102.7,299.928
13160,96.5,300.704
5113,107.8,301.132
76377,106.6,301.138
76377,105.8,301.14
27050,89.6,301.302
27050,96.6,301.302
27050,99.6,301.302
27050,89.1,301.35
5658,105.4,301.746
85125,90.5,301.886
85230,92.5,302.035
85230,107.7,302.035
85125,102.7,302.067
76001,96.0,303.146
41483,104.7,303.444
68615,103.2,304.292
68615,102.1,304.303
95025,89.7,304.433
27135,104.1,304.505
27135,104.6,304.506
68615,105.9,304.686
95025,94.7,305.016
27135,105.8,305.018
5647,95.3,305.145
5113,105.4,305.655
27001,100.3,305.886
5306,95.4,306.007
27001,101.1,306.413
27001,98.8,306.413
41483,98.8,306.521
41797,100.9,306.547
41797,107.8,306.547
5647,89.4,306.56
76001,88.1,306.598
41797,93.8,306.69
27001,93.4,306.809
27001,91.3,307.264
76001,88.5,307.272
76001,105.3,307.412
76001,102.0,307.484
19573,105.8,307.675
68655,107.7,307.97
27001,101.5,308.189
27001,90.8,308.54
27001,104.3,308.994
27001,97.3,309.298
27001,92.8,309.715
5628,104.4,309.802
27001,92.1,309.869
76001,99.5,310.186
5628,97.3,310.39
19517007,88.1,310.568
27600,105.3,310.62
27430,88.4,310.648
76001,101.5,310.795
76130,100.5,310.818
76001,96.5,310.821
27001,106.8,310.887
27600,107.6,311.005
76001,95.5,311.019
76001,90.5,311.019
76364,93.1,311.019
5004,91.4,311.022
76001,104.0,311.039
19698,89.1,311.073
76001,106.5,311.094
76001,97.5,311.114
76001,103.5,311.115
76892,102.5,311.128
5856,104.4,311.128
76001,98.5,311.143
76001,92.5,311.143
76520,89.5,311.143
76275,98.0,311.149
5004,107.4,311.161
76001,91.5,311.166
76001,104.5,311.188
13670,107.0,311.475
13670,94.5,311.562
13670,88.9,311.562
19821,107.9,311.687
19517,95.9,311.87
19517,102.7,311.87
19300,107.8,311.945
76001,107.5,312.163
41518,91.8,312.251
76233,93.6,312.374
76233,96.0,312.377
13670,106.4,312.475
19821,99.4,312.707
19517,88.4,312.933
76001,93.8,313.29
68169,91.2,313.403
19845,99.5,313.565
76233,102.9,313.698
54174,107.2,313.7
54174,93.7,313.832
19845,88.1,314.745
19845,96.0,314.746
76001,96.0,314.823
54743,98.7,315.448
54743,88.5,315.45
54743,105.2,315.672
5854,104.4,316.081
5854,88.3,316.09
68444,107.7,316.239
5819,107.4,316.414
5819,98.3,316.447
5138,90.4,316.459
5819,91.3,316.476
5107,105.4,316.82
41518,88.8,317.081
5107,103.7,317.24
5107,96.3,317.4
19142,99.4,318.642
19142,94.3,318.839
76001,99.9,319.324
41298,88.3,320.022
41013,106.2,320.033
41013,94.3,320.034
81794,91.5,320.091
5138,104.4,320.219
68867,88.1,320.579
68867,107.7,320.579
81794,90.9,321.345
81794,101.3,321.345
68132,103.2,321.43
68780,94.2,321.546
68780,107.2,321.546
81794,103.5,321.67
41396,90.6,323.328
68255,88.2,323.619
76364,107.0,324.367
19355,88.9,324.455
68255,90.2,324.522
68255,100.6,324.57
19355,103.9,325.083
19355,90.9,325.149
5895,94.3,325.267
54480,93.2,325.478
81794,105.2,325.564
27430,91.8,325.763
27430,93.5,325.763
54480,103.2,325.803
19698,96.9,325.9
81794,88.3,325.997
5895,89.3,326.1
5895,104.4,326.101
19698,102.7,326.616
19698,105.7,327.094
54125,103.2,327.467
5284,88.3,327.473
54125,100.2,327.69
41298,93.6,327.83
19698,93.6,327.967
41396,96.8,328.252
19698,101.0,328.315
19364,107.4,328.39
5284,89.4,328.406
19364,105.6,328.766
41396,95.8,328.954
41013,107.8,329.486
54518,97.5,330.823
18592,107.2,331.097
54518,97.9,331.194
54518,92.4,331.195
18592,89.1,331.334
5543,105.4,331.738
5543,89.1,331.928
41548,98.8,332.206
41298,88.8,332.248
41298,97.1,332.349
5361,97.5,333.74
18592,104.1,333.888
5250,88.4,334.18
5361,104.4,334.408
5250,106.3,334.956
5250,107.0,335.378
27425,88.3,335.56
76109,97.1,335.582
76109,88.1,335.596
27025,92.3,335.88
5361,106.5,335.926
5361,92.3,335.926
27425,89.5,335.999
27025,100.8,336.648
76109,107.4,337.357
54518,107.2,337.855
95015,107.7,337.865
95015,92.7,338.13
54377,98.2,338.357
54377,103.7,338.539
76109,91.1,338.826
76109,107.9,338.829
54385,105.2,338.837
54820,105.7,339.132
54820,104.4,339.132
54820,88.2,339.133
54518,94.9,339.218
15223,99.1,339.517
95015,98.7,339.754
19743,92.2,339.773
15223,92.1,339.914
76109,92.1,340.285
5842,107.4,340.43
19137,99.7,340.469
5842,106.3,340.703
19137,88.1,340.749
76109,93.4,341.152
76109,106.6,341.165
76109,94.9,341.165
19110,99.8,341.358
19137,104.9,341.611
19137,93.9,341.613
19110,102.3,342.087
76109,104.9,342.229
19110006,97.3,343.968
54520,90.8,344.301
81300,101.7,344.694
81300,96.3,344.698
41026,102.8,344.717
81300,107.3,344.886
81300,106.1,344.887
54520,105.2,345.098
19743,89.4,345.403
41791,95.8,345.665
19743,88.1,345.676
76109,105.9,345.688
76109,98.9,345.688
76109,101.1,346.447
41791,97.8,346.45
54223,88.2,348.512
41378,105.7,348.725
41378,103.3,348.795
54223,101.7,348.937
81736,102.7,349.566
81736,88.3,349.571
81736,98.3,349.579
81736,89.3,349.613
81736,89.9,349.614
81736,107.9,349.884
19780,103.8,350.085
41319,105.0,350.293
41378,88.8,350.349
41319,99.3,350.38
41319,107.8,350.572
20710,89.2,350.849
5790,103.9,351.888
81736,93.5,352.215
5120,105.4,352.558
19743,106.9,352.637
5120,93.3,352.674
19824,93.6,354.197
5790,107.4,354.532
19824,97.1,354.83
19824,94.6,355.035
20710,106.2,355.333
5790,103.3,355.555
5790,106.1,355.663
19548,102.7,356.001
19548,88.9,356.001
19548,92.1,356.354
41770,88.8,356.735
19130,99.4,356.738
19473,91.2,356.801
19473,100.8,356.801
5234,104.4,356.837
5234,105.3,356.839
19473,98.9,356.989
99624,88.3,357.18
5234,103.9,357.503
54051,99.7,357.736
54051,105.2,357.754
54128,107.2,358.833
18001,96.3,358.851
54347,106.7,359.294
54347,102.2,359.294
54172,96.5,359.772
19130,103.3,360.114
18247,92.1,360.581
19130,103.7,360.891
13688,90.0,361.122
54099,107.2,361.385
18247,95.1,362.706
41244,107.8,362.741
13744,92.5,363.189
54172,98.2,363.876
54003,94.7,364.103
13688,100.5,364.185
41503,98.8,364.461
13744,93.4,364.779
13744,89.0,364.779
13744,100.0,364.968
41503,106.8,365.174
13688,95.5,365.249
54172,95.7,365.633
54599,88.2,366.618
54599,107.7,366.62
27077,88.9,367.241
27077,96.3,367.241
54660,90.1,367.941
54239,90.2,368.076
27077,105.8,368.563
41807,100.8,369.108
41244,103.8,369.565
27250,106.3,369.89
27250,88.3,369.89
19001,104.1,370.208
27250,101.3,370.292
19001,99.4,370.694
54660,88.2,371.215
41807,92.3,371.38
41660,88.8,371.832
81591,107.3,372.388
76109,102.1,372.469
54239,103.2,372.515
81591,97.3,372.539
81065,94.3,372.849
18256,102.1,373.057
18256,107.1,373.242
20770,88.7,373.253
27495,98.3,373.545
41551,102.3,373.644
41551,104.0,373.644
41551,95.0,373.644
27495,105.8,374.707
19585,90.7,374.866
19001,91.7,375.809
19001,94.1,376.153
27099,98.5,376.333
27099,96.3,376.454
19001,105.1,376.784
19001,95.7,377.347
19001,105.5,377.772
54520,101.2,378.016
54099,91.2,378.042
27099,105.3,378.246
19001,102.1,378.4
19001,100.1,378.758
19001,106.1,378.977
19001,98.1,378.985
23682,100.0,379.131
54871,94.2,379.233
54871,98.2,379.296
5873,97.6,379.586
18001,104.1,380.787
18001,103.1,381.172
18001,106.8,381.255
19807,88.9,381.644
18150,94.1,381.85
18001,100.1,381.874
18150,88.5,381.923
18150,92.1,381.972
27099,100.8,382.33
41006,100.6,382.404
41006,90.8,382.405
54313,89.2,382.522
23682,106.7,382.535
23682,91.1,382.535
18410,90.1,382.814
54313,88.4,383.03
54313,103.2,383.03
54680,106.2,384.067
54680,98.2,384.067
18001,88.7,385.134
18001,93.1,385.214
54673,104.2,386.163
18001,101.1,386.88
18001,90.5,386.896
41006,107.8,386.974
18410,106.7,387.253
18410,88.1,387.281
18001,98.1,387.304
54003,101.3,387.349
5495,88.9,387.551
54418,100.2,387.591
54418,105.2,387.591
41551,101.8,387.823
5480,105.4,388.127
5154,107.9,388.209
5480,94.3,388.271
19807,107.7,388.322
19807,101.7,388.324
5495,107.4,388.555
54405,88.2,388.789
81065,93.1,388.987
54673,107.9,389.307
54673,107.2,389.307
5154,96.3,389.338
54003,98.7,389.576
41551,98.8,389.6
81065,88.9,389.608
5154,88.2,389.645
5154,98.1,389.716
5154,100.8,389.728
41359,99.5,389.976
41359,95.8,389.977
54003,103.2,390.194
5154,89.4,390.382
5154,106.9,390.383
81065,88.3,390.83
81065,104.7,390.831
5154,91.3,391.016
5154,90.6,391.016
19760,107.4,391.537
19760,91.9,391.666
19256,96.7,392.113
54874,98.2,392.122
54874,99.9,392.187
54001,99.2,392.195
54405,102.7,392.195
54001,91.7,392.196
19256,101.3,393.367
19256,92.9,393.468
19256,88.1,393.468
19256,100.6,393.469
54874,92.7,393.658
81065,89.7,393.671
54001,103.2,393.883
23466,89.7,393.916
23466,92.5,393.916
19256,97.3,394.513
19256,89.4,394.642
54001,98.6,395.671
41668,88.8,395.967
54001,88.7,396.121
54109,107.2,396.313
23466,107.9,396.368
54001,94.7,396.729
54001,105.9,397.297
54001,96.2,397.297
54109,102.0,397.444
54109,96.1,397.444
23580,97.8,397.483
23466,105.0,397.539
41668,97.3,397.699
41668,89.7,397.699
41668,100.5,397.699
54261,105.2,397.702
41530,92.8,398.239
41530,107.8,398.239
5475,107.4,399.048
23580,107.0,399.049
5475,103.3,399.096
23580,105.9,399.274
23580,88.5,399.391
23350,92.1,399.987
13473,107.0,400.113
18479,107.1,400.275
18479,93.7,400.34
13473,99.0,400.599
19622,88.4,401.523
19001,95.1,401.742
54498,95.2,401.779
19256,90.1,401.781
54498,96.0,401.994
54498,103.7,402.023
54498,97.2,402.024
54498,100.3,402.072
23350,107.3,402.735
23350,103.0,402.758
54498,107.2,402.821
54398,91.7,403.251
54398,107.9,403.251
54720,93.7,403.255
54720,88.2,403.459
13655,88.3,404.007
54261,97.7,404.61
13458,91.0,405.294
54498,101.2,405.908
54001,95.2,406.425
20011,96.7,406.468
54498,102.1,406.508
19392,96.2,406.678
20011,93.7,406.807
20295,90.2,406.819
20295,88.5,406.874
54001,89.7,407.283
54001,100.7,407.283
54001,90.5,407.285
20295,89.2,407.956
27075,102.3,407.984
54001,96.9,408.384
27075,88.7,408.424
19392,88.9,408.532
19392,102.4,408.532
19760,99.4,408.542
20011,101.7,408.572
20011,105.3,408.577
27075,88.3,408.586
20614,88.2,408.842
19418,107.7,409.016
19418,89.1,409.016
19418,88.4,409.017
20011,88.1,409.13
18460,106.1,409.503
18460,92.1,409.728
27075,93.3,409.904
27075,89.3,409.904
23068,102.5,410.534
23068,91.8,410.534
18094,99.1,411.04
54398,98.2,411.766
99524,90.3,413.287
99524,104.3,413.287
18094,88.1,414.584
99773,95.3,415.231
18094,91.1,415.465
54001,93.7,416.281
54344,105.7,417.44
54344,107.2,418.11
13042,107.3,418.996
20310,97.7,419.473
20310,92.0,419.553
23068,106.2,419.909
23068,107.0,419.911
13042,91.0,420.604
13042,107.7,422.043
23079,89.0,423.686
18029,97.7,423.881
18029,92.1,423.881
19397,93.9,424.411
27150,88.1,424.422
27150,101.8,424.439
23079,101.6,424.556
54670,88.2,424.598
54670,89.7,424.613
27150,90.8,424.663
19397,89.4,424.967
70265,107.8,425.076
70265,95.3,425.216
54800,92.7,426.561
13810,91.0,426.961
54800,107.2,427.068
13490,88.3,428.03
18860,88.1,428.347
18860,95.6,428.371
18860,92.6,428.371
18860,107.7,428.468
18610,106.4,428.497
18610,93.9,428.761
18610,89.1,428.784
18610,88.1,429.425
54206,94.0,429.542
54206,98.2,429.543
19532,99.4,430.162
54206,102.3,430.272
54245,104.7,430.444
18460,90.7,430.628
19532,105.5,431.018
54245,105.7,431.566
19785,100.7,431.845
19532,103.4,432.474
18150,105.1,433.085
19701,89.9,433.175
70429,97.8,433.921
19701,88.9,433.951
19701,99.6,433.952
19022,104.9,434.089
19022,103.9,434.25
70429,93.3,435.067
13600,91.5,435.487
54245,88.2,435.768
13006,92.2,435.996
13600,89.0,436.01
13006,90.7,436.088
13006,99.5,436.113
13006,107.0,436.113
19693,107.0,436.391
19693,88.4,436.491
23807,93.0,436.59
20550,103.1,437.15
19022,91.4,437.633
19809,91.4,438.015
95200,101.3,438.154
95200,88.1,438.739
95200,99.7,438.904
20383,88.2,439.043
95200,89.7,439.115
5172,106.9,439.926
5172,88.5,439.926
5172,97.3,441.403
23807,94.5,443.101
19050,107.5,443.632
19050,99.4,443.865
13580,91.0,444.18
23807,101.3,444.464
5172,89.3,444.487
19050,105.9,444.697
19050,93.4,444.697
54250,88.2,445.719
18610,105.3,445.824
54250,106.7,446.31
81001,102.3,446.463
5147,91.3,446.756
5147,95.3,446.765
23807,102.7,447.074
54553,89.2,447.146
23807,88.1,447.374
23807,105.0,447.428
54250,104.9,447.464
94343001,101.9,447.869
5147,104.4,448.129
20550,89.2,448.437
54553,92.2,448.509
81001,107.9,449.058
81001,104.3,449.601
81001,100.3,449.634
19100,102.6,449.65
19100,104.5,449.688
23555,103.0,450.599
5045,99.9,450.774
5045,92.1,450.774
5045,100.4,450.906
81001,89.3,451.411
81001,91.3,451.442
19100,105.9,452.111
81001,106.8,452.112
81001,92.3,452.338
81001,103.3,452.36
5045,103.3,452.473
81001,90.3,453.025
19809,105.9,453.273
23570,100.2,453.781
5045,100.9,453.974
81001,107.3,454.226
19100,99.4,454.326
5045,90.4,454.535
5045,107.4,454.535
23570,96.5,454.643
23570,105.0,454.643
81001,93.3,454.646
18205,101.6,455.016
18205,92.1,455.103
27615,89.6,455.235
27615,98.3,455.249
27615,106.8,455.874
18756,103.9,455.929
27615,88.2,456.582
70708,107.8,456.793
19075,90.9,456.932
19075,88.4,456.963
18785,107.1,457.105
19075,107.2,457.251
13030,101.0,457.537
13030,91.0,457.595
23855,107.0,460.488
54810,99.7,460.786
18756,92.1,461.994
18756,89.9,462.013
70708,88.7,462.417
81220,95.3,462.878
81220,88.3,462.919
23555,97.5,463.946
23555,93.6,463.947
54810,105.7,464.32
54810,88.4,464.32
54810,90.3,464.955
70771,103.8,465.881
23855,89.5,466.34
23855,97.1,466.34
70771,98.3,466.448
20787,88.2,466.775
52693,88.1,468.069
52693,91.7,468.081
19533,88.4,469.151
19533,96.7,469.161
19450,92.6,469.526
52693,106.6,469.616
19450,88.9,469.672
19290,97.6,470.018
5665,88.4,471.035
19450,99.9,471.062
25126,94.4,471.373
52378,106.1,471.373
52405,96.6,471.413
52405,88.1,471.414
5837,102.3,471.961
5837,91.7,471.968
70124,105.3,471.97
52203,104.1,472.166
70124,94.3,472.363
99773,93.3,472.375
99773,97.3,472.375
99773,107.3,472.395
99773,88.7,472.398
19290,107.4,472.407
13667,105.7,472.501
52405,98.7,472.577
99773,98.3,472.654
99773,88.3,472.855
13549,97.5,473.354
13549,104.6,473.354
13667,96.8,473.609
13549,89.0,473.892
13667,107.5,473.925
13074,92.0,474.243
52203,102.1,474.269
13074,89.5,474.636
13074,93.0,474.636
52083,95.6,474.954
5665,107.1,475.492
52083,89.1,475.583
5665,88.9,475.666
20517,90.4,475.725
13300,89.0,475.826
13300,104.0,476.279
97777,90.3,477.929
20517,89.2,478.724
5837,98.4,479.293
13268,91.0,479.324
5837,98.9,479.57
47245,96.3,479.933
52399,94.3,480.574
52399,92.1,480.575
5837,106.9,481.143
23660,96.0,481.205
23189,94.8,481.205
47245,99.9,481.805
47245,89.9,482.332
47245,88.4,482.332
52399,93.8,483.669
70400,93.8,483.768
52685,99.1,483.861
52685,93.1,483.861
70400,97.8,484.629
19318,89.4,484.884
52694,88.5,484.92
70678,107.8,485.011
19318,99.9,485.196
19318,100.9,485.359
19318,88.6,485.361
19318,107.5,485.558
70678,89.2,485.924
70678,88.1,485.924
86001,89.8,487.061
86001,107.3,487.139
94343,89.1,488.172
94343,91.1,488.199
94343,98.8,488.199
94343,90.3,488.477
52256,93.1,488.896
18756,105.1,488.919
52256,88.1,489.001
86571,107.3,489.379
86571,97.9,489.38
52019,104.1,489.743
23001,90.5,490.132
23001,104.5,490.132
27372,105.8,490.874
27372,101.3,491.071
52019,100.7,491.203
52051,90.5,491.498
86571,99.3,491.645
52258,104.5,492.204
86001,104.3,492.423
52051,88.1,492.473
23678,94.2,492.847
23678,107.0,493.072
86755,90.3,493.812
52258,106.1,493.832
23001,100.5,494.15
86885,88.3,494.414
86885,105.5,494.42
86885,97.3,494.64
52258,102.7,494.75
23001,90.0,494.821
23001,104.0,495.113
23001,102.0,495.113
47245,98.9,495.38
47245,106.1,495.49
23189,91.0,495.553
23001,89.0,496.372
54810,103.2,496.65
47318,103.4,496.97
52786,103.1,497.703
13440,89.0,497.871
23189,89.0,498.312
23189,98.5,498.369
52687,97.7,498.387
23660,105.7,498.607
52687,107.1,498.655
86755,93.3,499.315
86001,95.9,499.447
86001,91.9,499.447
86001,89.3,499.447
23001,95.5,499.562
86749,107.3,499.632
23660,93.4,499.64
23660,105.0,499.644
86001,98.3,499.645
86001,88.7,499.67
86001,104.7,499.688
86755,99.5,499.701
86001,106.3,499.894
86001,92.3,500.384
47318,106.9,500.41
20228,101.4,500.828
86001,94.7,500.885
52696,101.7,501.085
52696,88.1,501.129
52786,106.1,501.197
52110,92.1,501.518
5490,105.3,502.281
5490,88.6,502.281
23162,107.5,502.99
23162,98.0,502.991
27800,93.3,503.133
27800,88.3,503.133
23162,103.0,503.445
86219,101.3,504.557
86573,102.7,505.346
13650,92.5,505.356
23660,89.6,505.793
86219,88.3,506.179
20228,88.2,506.189
86573,96.3,506.21
13650,88.3,506.554
70233,107.0,507.24
13468,93.0,507.295
52540,102.5,507.442
52540,100.5,507.798
52540,104.1,507.813
52233,103.7,507.84
70233,90.1,507.986
47692,107.9,508.261
97161,102.3,508.269
86760,103.5,508.441
52110,91.1,508.502
13468,102.0,508.931
20175,95.7,509.359
20175,88.1,509.365
70235,90.8,509.429
97161,107.3,509.904
13468,90.5,509.991
47703,93.4,510.125
47703,91.9,510.199
70235,94.3,510.297
47692,97.1,510.66
47692,104.9,510.66
5490,104.4,511.18
23090,103.7,511.242
86760,102.3,511.759
86760,105.3,511.805
52250,104.1,511.996
52250,88.3,512.331
52250,92.7,512.408
13430,93.7,512.898
13430,101.0,513.961
5490,107.9,514.513
52240,91.5,514.914
23686,99.6,514.999
23686,105.0,515.0
23686,101.3,515.007
52240,98.9,515.134
23182,89.0,515.401
13188,89.0,515.477
52240,99.5,515.524
13430,102.5,516.329
13430,94.5,516.33
13430,101.8,516.503
23182,93.1,516.743
23182,106.7,516.743
23090,103.0,516.868
13430,93.0,516.906
86749,95.3,517.396
13780,102.9,517.552
13780,96.5,517.555
13780,107.9,517.558
52418,106.8,518.65
47707,103.4,519.046
52254,104.1,519.347
52254,105.8,519.541
47545,106.4,519.597
52260,95.6,519.707
70742,97.8,520.18
23670,103.0,520.256
86569,101.9,520.488
20178,88.9,520.666
20178,107.7,520.666
23300,89.0,521.879
70742,102.3,522.25
23670,92.5,523.233
52418,88.1,523.326
52001,94.1,523.704
52390,97.7,523.885
47707,95.4,523.933
23670,103.5,524.007
52480,107.5,524.222
52390,88.1,524.28
70670,104.3,524.532
70670,104.7,524.535
52001,88.1,525.552
70110,91.2,525.923
23168,107.0,525.973
70110,107.8,526.066
97777,102.3,526.219
52001,104.1,526.222
86569,96.3,526.491
23168,99.0,526.724
70670,88.3,526.828
70702,103.8,527.757
52001,101.1,528.069
52001,103.3,528.112
52001,100.1,528.112
52480,98.1,528.319
23815,94.0,528.422
52381,99.5,528.429
5659,107.9,528.813
5659,107.1,528.828
52385,92.5,529.348
52385,98.5,529.526
52001,89.5,529.691
5659,106.3,529.724
52001,97.1,529.769
5051,107.4,530.599
52001,88.5,531.0
70215,106.3,531.124
94888,101.5,531.709
52001,94.7,531.922
23419,101.0,531.965
52001,93.5,532.167
70215,107.8,532.271
5051,92.7,532.46
23419,105.0,532.625
20178,102.7,532.632
20178,98.5,532.632
86568,93.9,532.705
86568,91.3,532.708
52683,90.6,534.057
52411,105.7,534.109
70001,107.0,534.199
47720,88.4,534.244
70001,102.8,534.476
70215,99.8,534.64
52411,92.1,534.658
52683,96.1,535.368
52683,88.1,535.368
20032,103.5,535.489
20032,89.2,535.489
70473,97.3,535.504
70473,94.3,535.593
52683,101.9,535.64
70001,88.8,535.869
70717,94.3,535.955
23464,105.0,535.979
20032,94.2,536.021
70001,91.5,536.203
70001,101.5,537.079
70001,100.8,537.162
86568,89.9,537.226
70001,95.7,537.322
70001,92.1,537.534
70001,100.3,537.534
70717,107.3,537.652
23464,105.5,537.957
86568,96.3,538.691
86568,106.7,538.956
23586,106.6,539.481
52036,106.1,539.55
23586,97.0,539.669
52885,107.1,539.679
70418,92.9,539.855
70418,105.8,539.855
70418,88.3,539.855
52678,97.9,539.925
52207,90.1,540.012
70418,96.8,540.163
52490,94.7,540.186
52490,96.3,540.186
52036,105.5,540.212
52678,105.7,540.227
52490,88.3,540.568
52490,107.1,540.569
23574,107.0,540.729
23574,92.0,540.732
52678,90.9,541.4
52885,102.9,541.546
23574,101.7,541.736
23574,100.4,541.736
52678,95.7,542.227
52678,104.1,542.227
52678,107.9,542.237
70523,88.3,542.67
70523,90.7,543.045
86320,101.1,543.789
86320,90.7,543.789
86320,100.3,543.79
52473,92.1,544.176
52473,88.1,544.195
52473,93.7,544.282
52788,92.1,544.335
86320,104.3,544.388
52788,103.7,545.413
23586,89.0,546.483
23417,103.0,546.763
23417,91.7,547.115
86573,101.1,547.199
86573,100.3,547.2
86320,93.3,547.561
86573,93.3,547.749
86573,88.3,547.749
86573,99.3,548.013
20400,107.0,548.855
20400,95.7,549.031
52565,107.1,549.042
20400,99.5,549.507
20250,88.2,551.491
20250,88.9,551.758
13212,89.0,552.517
13212,105.5,552.538
70823,93.7,552.6
52287,101.7,552.603
23672,107.0,552.758
70823,90.3,553.031
52320,104.1,553.056
52320,91.9,553.059
70221,89.4,553.477
52699,103.3,553.975
52699,93.1,554.044
70221,93.3,554.173
52699,97.0,554.358
70508,101.1,554.482
70204,103.2,554.531
70204,94.3,554.535
70508,97.8,554.738
23672,107.9,555.043
52354,99.1,555.292
20045,103.7,555.295
23500,93.0,555.342
52354,90.1,555.388
27006,99.3,555.441
27006,100.8,555.441
23675,102.5,555.545
70221,95.3,555.864
70221,102.6,555.864
23500,89.0,555.916
20250,92.2,556.009
52287,107.9,556.087
52287,95.1,556.109
52838,91.1,558.502
70230,98.2,558.86
70230,98.8,558.861
70230,103.8,558.861
52838,103.5,560.151
52838,100.5,560.152
52506,106.1,560.366
23675,101.2,560.567
52427,88.5,560.96
23675,105.0,560.978
52427,98.7,561.142
52838,93.9,562.192
52079,94.9,562.569
52079,92.1,562.963
52079,95.5,563.092
52079,94.3,563.092
52079,96.5,563.092
52079,97.0,563.092
70820,97.8,563.394
70820,96.3,563.752
52352,96.7,563.847
52352,92.5,563.864
52352,91.6,563.866
70820,107.8,564.073
70820,88.8,564.773
20045,107.7,565.293
20045,100.5,565.77
70508,89.8,565.889
70508,99.3,565.889
52720,95.9,566.28
52720,91.6,567.287
52720,92.3,567.287
86865,103.9,568.611
86865,107.5,568.613
13244,89.0,568.875
86865,97.9,568.974
86865,101.5,568.975
52573,96.3,569.063
52573,103.1,569.063
52573,105.1,569.063
97001,89.1,569.317
86865,92.7,569.411
97001,88.3,569.432
97001,91.3,569.555
52573,89.9,569.75
13894,94.0,569.854
13894,107.0,569.875
86865,102.3,569.89
86865,93.1,569.891
97001,101.3,569.942
97001,96.3,569.942
97001,99.3,569.942
52323,104.3,570.489
47460,93.4,570.755
97001,93.3,570.883
52210,88.3,571.056
52210,97.9,571.07
52621,99.7,571.202
52621,88.1,571.219
97001,103.1,571.76
97001,104.3,571.761
52323,94.3,571.793
52323,102.0,572.01
13244,91.7,572.181
52215,100.3,572.654
52215,90.7,572.799
52215,98.7,573.376
47555,103.4,574.0
47555,89.0,574.589
47555,90.9,574.589
47555,95.9,574.934
47058,88.4,575.199
86757,88.3,575.305
86757,94.3,575.882
86757,90.3,575.9
47058,93.9,577.122
52435,90.3,577.191
86757,99.5,577.274
52435,107.7,577.636
52585,91.5,579.33
52585,99.5,579.33
52356,95.5,581.213
52317,105.5,581.244
52435,88.1,581.273
52022,106.7,581.28
52560,107.9,581.723
52612,99.5,582.366
52612,107.1,582.366
52356,104.7,582.555
52356,89.1,582.676
52612,104.1,583.069
52317,90.1,583.093
52317,103.1,583.102
52317,102.3,583.375
52560,103.5,583.521
52612,89.5,583.523
13654,92.7,583.794
13654,102.7,584.012
13654,100.5,584.116
86757,105.9,584.427
52356,103.1,584.433
52356,105.9,584.434
52022,106.1,584.844
52317,88.7,585.204
70713,92.3,585.347
70713,106.5,585.52
70713,107.8,585.637
52022,93.1,585.959
52356,103.9,587.001
52356,101.5,587.001
47798,107.9,587.247
47798,105.9,587.383
52224,97.5,588.274
52224,99.9,588.478
20060,90.2,588.77
20060,90.9,588.77
52520,89.7,589.217
52224,98.3,589.418
52227,104.3,589.855
20060,107.4,589.884
52520,104.1,590.265
52520,88.3,590.294
20060,95.7,590.462
52227,100.7,592.566
52227,107.5,592.576
20001012,88.1,594.235
47660,88.1,595.71
13657,107.0,596.599
52227,88.7,596.902
13657,106.2,596.993
47170,107.4,598.05
20013,101.7,601.115
13654,93.5,601.186
20013,89.2,601.403
20013,88.1,601.404
99001,92.3,601.697
20013,106.3,602.385
91430,104.9,602.6
20013,90.6,602.744
13248,91.0,604.06
13248,101.3,604.107
13442,88.2,605.864
13442,100.5,605.864
52835,92.9,608.221
20238,88.2,608.795
52835,91.5,609.811
52835,104.1,611.753
52835,89.1,612.474
52835,88.5,612.474
52835,91.1,612.475
47030,89.4,612.489
47030,91.5,612.49
47960,93.4,614.927
94001,92.9,615.367
52835,91.9,616.413
52835,104.6,616.686
91669,100.9,617.843
91669,104.9,617.843
47030,95.5,618.009
97511,89.3,618.726
97511,90.3,618.824
47541,106.4,620.028
47541,93.9,620.028
47541,107.9,620.028
13433,101.9,620.358
52835,106.1,621.196
47205,102.3,626.427
13140,100.7,627.188
13140,96.8,627.188
13062,91.0,628.731
13433,99.9,630.336
13433,104.8,630.336
99773015,88.3,630.599
91530,104.9,631.951
8770,107.6,634.48
47161,103.4,634.518
8675,90.3,635.791
8675,88.1,635.791
20750,107.7,636.274
8770,92.9,636.357
13052,100.5,636.653
13052,105.3,636.653
8137,89.3,639.408
20570,96.0,640.119
20570,105.2,640.121
20570,88.1,640.36
20570,103.5,640.36
8137,104.1,640.491
8137,101.6,640.643
94887,105.1,641.33
94887,107.1,641.393
13838,96.8,641.832
20621,88.2,642.22
47258,107.9,642.258
47258,88.3,642.259
47258,88.9,642.42
20621,104.5,642.824
20621,100.7,642.92
20621,98.3,642.921
20443,88.6,644.599
13620,88.3,645.315
47551,88.4,645.952
20443,89.1,646.086
47551,104.9,646.1
20443,96.7,646.312
13760,94.7,646.374
13760,107.9,646.377
13836,93.8,646.446
47288,102.9,647.233
13836,89.0,647.336
13647,97.0,647.443
13647,91.8,647.598
20001,94.3,649.005
20001,95.7,649.006
8436,96.6,649.082
47288,97.3,649.092
20001,102.3,649.338
8141,105.6,649.383
47288,96.3,650.2
47288,91.7,650.2
47288,107.9,650.2
20001,88.7,650.563
20001,97.7,650.575
20001,107.1,651.189
47675,92.4,652.347
47675,93.4,652.932
20001,89.7,653.719
20001,92.7,654.213
20001,93.7,654.264
20001,98.7,654.276
20001,103.2,654.276
20001,105.7,654.315
13001,98.8,654.743
13001,101.6,654.743
13873,105.0,655.173
13873,101.0,655.205
97889,107.3,656.301
47053,104.4,656.391
8606,96.6,656.545
44420,103.9,656.636
13683,100.5,657.539
47053,89.3,658.115
47053,103.4,658.115
13001,92.2,658.806
13001,104.5,658.807
13001,91.1,658.856
13001,99.5,658.861
13001,106.8,658.897
13001,96.6,658.91
13001,89.5,658.956
13001,88.5,658.993
13001,90.5,658.993
13001,95.5,658.998
13001,94.5,659.067
13001,102.5,659.067
13836,107.5,659.122
13052,97.5,659.122
13001,106.0,659.444
47268,88.4,660.294
8606,102.1,661.016
44855,91.2,663.077
44855,99.2,664.068
44874,101.2,668.382
8560,107.6,668.643
44874,106.7,668.779
13222,96.8,669.771
44874,97.2,670.22
44874,88.2,670.251
8638,101.6,670.298
8421,105.2,670.538
8421,105.6,670.538
13673,107.9,670.997
13673,106.5,670.997
13673,103.4,670.997
44874,102.8,671.275
47605,96.6,674.911
47980,96.6,675.552
44110,90.2,675.998
44110,107.7,676.019
20001,90.7,676.708
8520,88.1,678.612
8520,98.6,679.02
8685,100.9,680.526
8685,105.6,680.526
8685,95.6,681.288
8849,105.6,682.064
47745,105.1,682.646
47745,107.9,682.646
8549,88.1,683.339
8001,90.7,683.381
91460,97.9,684.059
91460,89.9,684.059
8634,101.6,684.109
8634,94.7,684.242
8558,96.6,684.38
8634,103.5,685.008
47980004,100.8,685.199
94001,92.3,685.427
94001,102.1,685.607
94001,91.1,685.771
94001,97.1,685.771
94001,100.1,685.774
94001,95.1,686.164
8078,93.6,686.665
94001,94.1,686.905
8078,88.1,687.213
8078,107.2,687.214
44650,99.2,687.373
8372,99.6,688.732
8433,91.6,689.43
8433,106.2,689.431
8078,104.3,689.55
44650,94.7,690.057
8433,96.9,692.451
8433,107.6,692.451
8372,89.7,692.82
8372,96.6,692.82
91405,95.9,694.905
91405,104.9,694.905
44098,101.9,696.338
8832,107.6,696.451
8832,106.2,696.451
8296,101.3,697.626
8296,105.6,697.627
8758,104.6,697.972
8001,102.6,698.76
44279,88.2,699.358
8758,88.1,699.575
8758,106.6,700.269
47570,93.4,702.875
47570,105.9,702.919
47745,103.9,702.994
44279,99.7,703.026
47189,100.4,703.36
44098,96.3,703.382
44098,94.1,703.382
97889,97.3,703.453
47189,88.4,704.138
8001,89.6,704.325
47189,90.3,704.371
44098,105.1,704.576
44098,107.3,704.576
47189,106.3,704.641
8001,94.7,704.708
44279,91.5,705.327
8573,92.6,706.431
8001,101.6,707.048
8001,93.1,707.467
8001,99.1,707.467
8001,94.1,707.582
8001,103.1,707.673
8001,90.1,707.686
8001,89.1,707.686
8001,88.6,707.686
8001,97.6,707.686
8001,100.6,707.687
8001,100.1,707.83
8001,92.1,707.83
8001,96.1,707.83
8573,88.1,707.944
44279,92.2,708.0
44279,106.2,708.0
8573,101.6,708.417
8001,96.6,708.577
44078,104.7,712.139
44078,105.5,712.949
44078,107.7,712.949
47001,103.7,715.526
47001,95.1,715.564
8001,98.1,715.566
91263,89.9,720.689
91263,90.9,720.757
47001,88.9,724.391
47001,107.9,724.391
44378,99.2,724.462
47001,91.1,726.493
47001,102.4,726.493
47001,106.9,726.493
47189,101.9,726.5
47001,97.1,727.142
47001,101.1,727.273
47001,105.4,727.434
47001,91.9,727.604
47001,89.4,729.305
47001,104.7,729.305
44090,107.7,730.332
44090,103.3,730.941
44001,88.7,731.44
44378,100.2,731.592
44090,99.5,734.783
44035,103.3,738.607
44035,90.5,738.607
44035,88.2,738.607
99001,104.3,741.995
99001,97.3,744.252
99001,100.3,744.252
99001,106.3,744.252
99001,94.3,746.433
99001,99.3,746.46
94886,101.1,747.533
94886,104.1,747.632
94884,98.1,751.834
94884,107.1,752.073
97666,92.3,761.922
97666,104.3,761.938
44001,93.7,769.831
44001,91.7,770.456
44430,90.1,770.619
44001,89.3,770.868
44001,89.8,770.868
44001,95.7,770.868
44001,100.7,770.869
44430,102.1,771.037
44430,104.3,771.047
44430,99.2,771.416
44430,89.5,771.493
44001,105.2,772.779
44001,107.3,772.875
44430,96.1,772.927
44430,103.7,772.929
44001,90.3,774.375
44430,93.5,775.281
44430,89.1,775.281
91536,106.9,800.996
44847,98.7,806.463
44847,93.0,806.818
44847,88.2,806.83
44847,94.5,806.891
44560,93.9,808.368
44560,107.7,808.368
44560,101.7,808.585
91407,91.9,831.28
91407,104.9,831.694
94883,96.1,833.561
94883,104.1,834.219
94885,99.1,856.878
94885,89.1,884.76
44847,105.9,887.766
44847012,90.2,888.039
91798,104.9,968.467
91798,101.9,968.546
91540,99.9,1025.49
91540,102.9,1025.952
91540,89.5,1027.232
91540,89.9,1027.232
91001,93.9,1084.115
91001,103.9,1084.535
91001,92.7,1086.312
91001,96.9,1087.393
91001,106.9,1087.85
91001,98.9,1088.696
91001,88.5,1088.762
91001,88.1,1089.19
91001,97.9,1089.564
91001,95.5,1089.597
88001,94.5,1214.135
88001,105.5,1214.839
88001,99.5,1215.065
88001,93.5,1215.532
88001,91.5,1215.532
88001,100.5,1215.533
88001,97.5,1215.892
88001,101.2,1215.912
88564,95.5,1257.016
88564,103.1,1257.016
88564,98.5,1257.016
41306,89.3,16539.219
